date,AG_P,AG_P_MAINCROP,AG_P_FOOD,AG_P_BEAN,AG_P_PINEAPP,AG_P_HOM,AG_P_OILGR,AG_P_POUL,AG_Q_OILGR,AG_Q_PIG,AG_Q_COW,AG_INC,AG_INC_MAINCROP,AG_INC_POUL,AG_INC_EGG,EX_AGPRO_SUGAR,EX_AGPRO_PINEAPPCAN,EX_ELETRONIC,IM_CAP_GOODS,IM_QINDEX_PC,IM_PINDEX_CAP,IM_PINDEX,EX_MANU_P,EX_MANU_V,EX_P,WAGE_CONS,WAGE_BANK,WAGE_BANK_PRI,WAGE_BKK_CONS_PRI,EM_REALEST_BKK,WAGE_S_BANK,EM_CONS,P_MANU_SUGAR,N_AG_P_PIG,N_AG_P_CROP,N_EX_BORDER_CN,N_IM_BORDER_CN,S_PMANU_RUBPLATE
1/1/2000,,,,,,,,,,,,,,,,53.73,22.10,1362.21,905.39,27.55,74.91,57.10,70.79,42.24,63.27,,,,,,,,13.40,35.70,,1.30,0.60,23.64
2/1/2000,,,,,,,,,,,,,,,,62.72,21.20,1382.44,1198.84,36.52,75.05,57.22,71.01,43.40,63.87,,,,,,,,13.46,35.00,,0.20,0.20,27.42
3/1/2000,,,,,,,,,,,,,,,,105.97,21.51,1424.67,975.21,30.62,75.25,57.39,71.31,40.47,63.79,,,,,,,,13.46,33.40,,0.90,0.40,25.79
4/1/2000,,,,,,,,,,,,,,,,72.21,17.39,1281.06,963.93,31.23,75.42,57.65,71.12,41.86,63.59,,,,,,,,13.46,34.50,,0.70,0.20,26.08
5/1/2000,,,,,,,,,,,,,,,,53.77,18.96,1323.82,1000.02,32.12,75.70,57.52,70.95,37.59,63.45,,,,,,,,13.52,35.50,,1.30,0.20,26.33
6/1/2000,,,,,,,,,,,,,,,,57.00,22.08,1317.63,1033.33,33.71,75.88,57.80,70.30,41.16,62.72,,,,,,,,13.80,34.30,,0.80,0.30,25.46
7/1/2000,,,,,,,,,,,,,,,,56.45,20.61,1541.52,1103.10,32.83,75.83,57.96,69.96,46.80,62.34,,,,,,,,14.04,34.50,,2.60,0.10,25.74
8/1/2000,,,,,,,,,,,,,,,,42.17,14.93,1582.73,1217.65,36.74,76.06,57.96,69.14,44.11,61.81,,,,,,,,14.10,35.10,,3.90,0.40,26.90
9/1/2000,,,,,,,,,,,,,,,,46.33,10.77,1655.13,1025.91,35.42,76.23,58.09,68.31,45.22,61.02,,,,,,,,14.11,33.90,,2.10,1.30,26.97
10/1/2000,,,,,,,,,,,,,,,,45.38,14.16,1625.55,1374.23,32.85,76.44,58.29,67.67,46.05,61.04,,,,,,,,14.06,33.10,,2.70,1.30,28.36
11/1/2000,,,,,,,,,,,,,,,,44.21,17.16,1741.25,1301.06,34.60,76.56,58.54,66.78,46.56,59.85,,,,,,,,14.09,33.30,,2.30,1.20,27.73
12/1/2000,,,,,,,,,,,,,,,,28.09,14.85,1677.36,1148.73,34.25,76.78,58.79,66.82,46.98,60.55,,,,,,,,14.11,33.40,,2.20,1.10,26.56
1/1/2001,,,,,,,,,,,,,,,,47.30,14.04,1399.76,1391.76,34.58,76.51,58.41,66.66,42.99,60.05,4742.92,13817.55,13491.36,0.00,184.06,0.00,1636.25,14.11,32.40,,1.50,0.70,25.90
2/1/2001,,,,,,,,,,,,,,,,86.26,16.47,1320.45,1353.20,35.76,76.54,58.43,66.52,44.48,59.46,4454.66,16390.64,15667.23,0.00,204.63,0.00,1927.41,14.10,32.20,,2.30,0.60,25.66
3/1/2001,,,,,,,,,,,,,,,,72.58,19.19,1507.13,1283.22,37.30,76.64,58.39,65.92,45.75,58.99,4298.88,18261.83,18866.85,0.00,235.28,0.00,2144.40,14.10,32.50,,3.60,0.80,25.15
4/1/2001,,,,,,,,,,,,,,,,90.31,17.12,1127.31,1189.45,35.42,76.70,58.15,64.20,43.76,57.28,4417.63,17165.11,15289.55,0.00,250.43,0.00,2089.03,14.08,36.60,,2.70,0.70,25.82
5/1/2001,,,,,,,,,,,,,,,,106.57,19.07,1331.05,1269.81,36.41,76.80,58.33,64.02,44.07,57.11,4586.53,16568.37,17627.10,0.00,226.62,0.00,1748.70,14.08,40.50,,3.50,0.60,26.66
6/1/2001,,,,,,,,,,,,,,,,58.50,20.15,1375.58,1146.46,37.24,76.88,58.23,64.09,44.69,57.34,4690.60,16008.58,15375.74,0.00,215.03,0.00,1543.23,14.09,40.70,,2.60,0.40,27.44
7/1/2001,,,,,,,,,,,,,,,,60.01,18.67,1151.72,1439.88,36.21,76.93,58.16,63.32,43.78,56.81,5101.12,15592.71,16011.12,0.00,202.85,0.00,1386.93,14.06,39.60,,4.00,0.40,27.15
8/1/2001,,,,,,,,,,,,,,,,41.34,15.98,1277.49,1313.27,36.59,76.96,58.04,63.41,44.06,56.69,5136.17,17856.26,18242.14,0.00,240.62,0.00,1241.56,14.02,39.20,,6.90,0.70,25.90
9/1/2001,,,,,,,,,,,,,,,,54.31,12.71,1236.60,1064.58,35.83,77.14,57.96,63.60,42.13,56.91,4556.55,16884.34,16888.62,0.00,234.24,0.00,1573.55,14.08,38.60,,5.80,1.40,24.17
10/1/2001,,,,,,,,,,,,,,,,39.91,17.31,1245.91,1179.35,37.69,77.25,57.86,63.87,41.93,56.83,4739.08,16316.39,14989.04,0.00,266.53,0.00,1671.51,14.08,36.90,,5.40,1.80,23.54
11/1/2001,,,,,,,,,,,,,,,,18.69,19.88,1284.84,1282.96,36.27,77.37,57.74,63.91,42.62,56.70,5038.19,18687.40,19577.58,0.00,270.88,0.00,1413.31,14.03,36.90,,6.40,2.10,22.92
12/1/2001,,,,,,,,,,,,,,,,28.19,17.22,1187.50,1122.96,34.31,77.48,57.89,63.79,41.63,56.74,5026.17,17261.54,16399.36,0.00,230.56,0.00,1224.80,14.01,37.70,,5.30,2.00,20.83
1/1/2002,,,,,,,,,,,,,,,,82.23,15.09,1054.59,1210.83,36.58,78.00,58.05,63.34,42.10,56.32,4277.36,16393.36,16070.77,0.00,220.55,0.00,1740.56,14.06,38.30,,5.90,1.80,23.95
2/1/2002,,,,,,,,,,,,,,,,92.16,15.30,1120.43,1075.58,34.97,77.93,58.26,62.64,42.87,56.06,4473.84,15163.74,14202.00,0.00,218.18,0.00,1897.95,14.11,38.30,,3.10,0.60,26.83
3/1/2002,,,,,,,,,,,,,,,,125.84,18.94,1389.86,1243.52,34.92,78.03,57.91,63.24,44.61,56.50,4237.21,15668.97,16589.46,0.00,177.85,0.00,2270.65,14.10,38.70,,3.30,0.60,28.81
4/1/2002,,,,,,,,,,,,,,,,100.07,19.46,1070.11,1265.51,37.18,78.18,58.05,64.25,43.86,57.82,4219.75,14619.79,14164.45,0.00,211.42,0.00,2179.77,14.08,40.40,,3.50,0.30,29.03
5/1/2002,,,,,,,,,,,,,,,,124.62,26.71,1298.80,1219.72,37.07,78.30,58.43,65.01,45.78,58.20,4663.01,15789.11,15048.18,0.00,228.71,0.00,1942.08,14.11,41.30,,3.50,0.50,29.51
6/1/2002,,,,,,,,,,,,,,,,41.37,22.39,1228.42,1211.41,35.64,78.48,58.66,65.22,44.77,58.46,4804.77,17164.70,17563.85,0.00,232.34,0.00,1789.84,13.97,40.00,,4.50,0.70,34.88
7/1/2002,,,,,,,,,,,,,,,,36.47,18.58,1156.10,1410.08,38.70,79.02,58.65,66.09,44.61,59.16,5052.52,17122.77,17358.82,0.00,259.16,0.00,1546.98,14.06,38.80,,4.30,0.50,34.64
8/1/2002,,,,,,,,,,,,,,,,29.71,15.62,1331.65,1351.66,37.42,79.06,58.49,66.28,46.00,59.47,5214.95,15014.06,14552.73,0.00,242.65,0.00,1503.55,14.14,39.20,,7.00,0.90,35.57
9/1/2002,,,,,,,,,,,,,,,,17.65,13.20,1442.46,1274.28,36.14,79.15,58.79,65.60,46.67,58.79,4724.09,15440.96,15114.60,0.00,218.25,0.00,1750.69,14.14,38.30,,3.70,1.30,38.14
10/1/2002,,,,,,,,,,,,,,,,18.38,16.62,1452.15,1356.53,40.19,79.27,59.01,65.26,47.52,58.42,4749.63,16319.04,16252.59,0.00,224.91,0.00,1774.92,14.14,36.40,,7.30,0.70,36.10
11/1/2002,,,,,,,,,,,,,,,,11.62,21.86,1453.16,1268.35,39.78,79.38,59.26,65.32,48.05,58.47,5179.49,17334.81,17334.81,0.00,212.87,0.00,1467.06,14.08,36.10,,7.80,1.40,35.97
12/1/2002,,,,,,,,,,,,,,,,11.75,20.67,1240.15,1198.10,40.57,79.46,59.20,65.58,45.08,58.78,5159.28,16796.40,16930.74,0.00,242.65,0.00,1378.50,14.08,35.10,,10.00,1.40,35.95
1/1/2003,,,,,,,,,,,,,,,,44.03,24.05,1263.85,1384.39,43.80,79.82,59.72,67.14,49.72,60.12,4823.38,15728.97,15211.40,0.00,249.08,0.00,1868.18,14.08,30.80,,8.10,1.00,37.65
2/1/2003,,,,,,,,,,,,,,,,61.57,24.41,1276.73,1242.53,37.77,79.74,60.52,66.78,48.92,60.47,4623.53,16310.89,15531.42,0.00,243.35,0.00,1994.15,14.17,28.30,,2.10,0.50,41.25
3/1/2003,,,,,,,,,,,,,,,,87.99,28.31,1434.75,1271.40,38.13,79.82,60.48,66.99,48.01,60.51,4411.52,16288.01,16611.45,0.00,244.05,0.00,2280.17,14.17,27.90,,2.20,0.50,44.90
4/1/2003,,,,,,,,,,,,,,,,83.12,25.09,1330.71,1308.15,43.11,79.94,60.44,66.48,51.92,60.03,4436.48,16184.52,15129.24,0.00,290.46,0.00,2137.83,14.17,29.70,,2.70,0.40,42.81
5/1/2003,,,,,,,,,,,,,,,,151.76,25.75,1461.28,1404.07,41.02,80.12,60.21,66.95,49.94,60.52,4651.59,15322.59,14955.39,0.00,265.41,0.00,2175.35,14.17,36.50,,1.50,1.00,41.32
6/1/2003,,,,,,,,,,,,,,,,118.00,27.14,1576.28,1342.99,38.04,80.20,60.17,67.45,49.81,60.97,4915.68,16561.31,17131.21,0.00,216.16,0.00,1949.50,14.06,37.90,,1.70,0.70,42.44
7/1/2003,,,,,,,,,,,,,,,,81.99,23.70,1342.19,1516.46,40.00,80.21,60.21,67.12,50.81,60.78,5124.22,17217.66,16371.25,0.00,281.07,0.00,1550.24,14.17,35.60,,2.60,1.30,41.24
8/1/2003,,,,,,,,,,,,,,,,79.41,16.57,1510.02,1318.60,38.40,80.35,60.37,67.23,48.35,61.21,4826.81,16608.43,16760.94,0.00,254.32,0.00,1490.33,14.17,34.20,,17.70,2.20,43.00
9/1/2003,,,,,,,,,,,,,,,,60.55,16.63,1727.37,1457.82,40.91,80.46,60.78,68.22,51.90,62.09,4874.77,17392.25,17298.32,0.00,240.06,0.00,1780.43,14.00,35.00,,10.30,2.90,44.22
10/1/2003,,,,,,,,,,,,,,,,49.67,20.94,1825.61,1637.05,40.56,80.56,60.97,69.37,53.20,63.42,4681.35,15760.76,14961.96,0.00,253.70,0.00,1834.37,14.17,35.10,,5.90,6.50,50.11
11/1/2003,,,,,,,,,,,,,,,,71.26,23.78,1765.46,1766.17,39.88,80.65,61.40,69.24,53.09,63.39,4918.00,19137.75,18240.37,0.00,213.20,0.00,1755.52,14.11,35.30,,11.70,5.30,52.47
12/1/2003,,,,,,,,,,,,,,,,44.67,24.32,1813.58,1937.93,44.94,80.72,61.63,69.37,55.13,63.46,5124.41,17209.73,16111.93,0.00,224.74,0.00,1505.56,14.14,34.00,,8.10,4.20,49.10
1/1/2004,,,,,,,,,,,,,,,,53.75,25.53,1645.65,1557.46,43.73,81.66,61.94,69.87,56.90,63.77,4363.41,15254.44,14869.74,0.00,253.12,0.00,2095.09,14.11,37.40,,4.50,1.90,48.54
2/1/2004,,,,,,,,,,,,,,,,73.60,26.40,1608.65,1530.72,45.09,81.89,62.24,69.94,58.81,63.89,4708.82,19541.99,18726.58,0.00,266.81,0.00,2221.21,14.06,45.00,,4.40,0.90,49.45
3/1/2004,,,,,,,,,,,,,,,,90.62,28.99,1770.66,1841.53,45.99,81.91,62.52,70.04,56.54,64.14,4430.74,17319.48,17537.32,0.00,239.20,0.00,2401.39,14.06,48.30,,1.10,0.80,52.38
4/1/2004,,,,,,,,,,,,,,,,70.01,27.12,1622.86,1724.92,43.97,82.10,62.52,70.62,58.49,64.64,4403.50,16466.19,15012.32,0.00,248.62,0.00,2506.89,14.06,53.80,,1.50,1.20,53.18
5/1/2004,,,,,,,,,,,,,,,,123.58,28.90,1740.43,1625.16,43.04,82.23,62.76,70.26,58.24,64.40,4634.95,17013.52,17308.02,0.00,256.21,0.00,2499.98,13.67,52.60,,2.70,1.50,54.71
6/1/2004,,,,,,,,,,,,,,,,94.81,30.07,1724.60,1773.45,45.62,82.33,62.83,70.31,60.21,64.19,4508.71,16906.21,18223.60,0.00,234.62,0.00,1897.88,13.67,45.70,,3.00,2.60,55.67
7/1/2004,,,,,,,,,,,,,,,,76.46,24.25,1636.99,1773.94,46.09,82.42,63.13,70.76,59.54,64.57,5686.15,16451.24,15984.22,0.00,277.81,0.00,1805.40,13.74,40.90,,3.40,1.10,52.49
8/1/2004,,,,,,,,,,,,,,,,57.68,20.49,1705.54,1652.83,47.38,82.44,63.20,71.17,57.46,64.93,5417.28,15604.03,13173.78,0.00,316.92,0.00,1693.03,13.74,42.70,,4.20,2.10,51.44
9/1/2004,,,,,,,,,,,,,,,,65.51,17.79,1900.38,1816.61,49.12,82.55,63.66,72.76,58.43,66.34,4983.01,17104.66,16378.29,0.00,256.70,0.00,2095.26,13.74,40.20,,2.60,3.30,51.16
10/1/2004,,,,,,,,,,,,,,,,55.13,22.34,1926.96,1741.46,48.19,82.65,64.35,72.74,60.83,66.60,5152.70,18687.24,18641.79,0.00,252.23,0.00,2074.72,13.74,39.40,,6.90,5.10,52.00
11/1/2004,,,,,,,,,,,,,,,,38.45,25.09,1879.56,1941.82,47.42,82.89,64.53,73.76,60.32,67.49,5868.89,19866.69,19740.51,0.00,293.78,0.00,1856.96,13.73,42.70,,9.20,5.50,50.07
12/1/2004,,,,,,,,,,,,,,,,33.34,26.50,1863.20,1577.16,44.83,83.15,64.87,74.19,61.41,67.85,5217.97,19312.66,15908.01,0.00,288.02,0.00,1713.24,13.74,47.10,,8.80,4.40,46.56
1/1/2005,94.38,95.18,97.66,87.57,95.23,72.81,100.14,83.01,47.00,94.71,93.72,10667.59,11521.27,8626.74,9338.98,46.74,23.28,1649.33,1911.82,46.50,83.93,65.22,73.82,60.90,67.30,4661.38,20796.65,19541.75,10493.87,242.57,13329.85,2165.31,13.74,48.00,124.80,9.50,1.90,45.66
2/1/2005,96.00,94.96,99.37,91.32,103.25,51.09,88.86,95.89,69.79,89.06,93.00,10518.45,11059.90,9999.14,10092.09,65.04,22.51,1636.51,1782.94,47.94,83.98,65.52,74.77,59.56,68.56,4940.39,17453.19,16960.98,11994.22,256.72,15303.78,2519.57,13.77,48.80,127.30,5.50,0.80,48.41
3/1/2005,97.98,96.41,100.73,106.07,105.13,55.40,93.95,99.06,115.94,97.14,112.20,7926.77,7214.22,10116.43,9400.04,94.10,26.74,2189.82,2194.94,50.17,83.82,66.04,75.95,63.85,69.53,4689.77,19991.40,19776.13,10169.07,264.88,15428.45,2414.24,13.79,49.80,130.30,12.20,1.20,50.45
4/1/2005,95.39,92.60,100.70,109.94,97.37,76.05,92.55,102.85,111.16,97.97,98.76,7248.09,6531.28,10256.60,10083.62,71.31,29.84,1846.46,2116.84,51.04,83.85,66.21,75.69,65.28,69.26,4654.82,20937.45,19495.95,12501.08,260.72,14068.34,2572.74,13.79,53.50,130.50,5.80,1.10,51.82
5/1/2005,95.62,93.65,99.60,109.94,96.57,97.78,92.25,105.97,106.43,105.05,100.08,7697.12,7002.56,10987.48,10245.86,77.59,31.62,1933.41,2294.96,48.03,84.01,65.98,75.73,63.40,69.22,4702.48,19058.75,17762.23,7986.17,256.65,18099.43,2740.37,13.70,54.50,131.20,6.90,1.20,53.30
6/1/2005,98.07,98.09,99.01,109.94,98.71,97.78,99.90,104.53,98.04,116.05,98.88,7219.80,6082.36,9896.51,11451.60,77.44,32.10,2036.64,2293.62,53.09,84.47,66.71,75.72,64.65,69.34,5037.00,19605.52,19132.00,9226.45,313.89,16082.42,1892.62,13.73,51.20,133.50,4.30,3.00,59.67
7/1/2005,100.53,101.27,99.48,89.70,99.78,97.78,109.54,102.83,102.55,98.49,94.20,8183.75,7579.38,10229.14,10806.14,70.16,29.61,1942.13,1980.84,49.35,84.64,67.37,76.43,65.19,70.18,5684.83,24640.48,25022.07,13468.51,279.70,14792.14,1846.18,13.82,50.40,132.00,6.00,1.30,69.22
8/1/2005,101.04,100.30,100.83,101.25,115.83,97.78,106.00,105.64,132.70,99.43,96.48,8729.41,8137.99,9190.73,11159.64,71.62,22.77,2193.65,2283.40,52.66,84.76,68.06,76.44,66.23,70.46,5197.19,17958.65,16386.42,7783.03,280.25,17213.80,1797.95,13.83,50.50,133.40,9.90,2.00,66.47
9/1/2005,103.71,103.72,100.72,97.94,120.11,97.78,95.58,105.06,133.90,98.36,100.68,8376.16,7437.17,10463.52,10034.65,62.83,18.58,2432.71,2059.12,51.35,84.86,68.55,76.26,68.07,70.71,5306.27,16632.95,15237.43,9425.83,270.20,16133.55,1906.91,13.84,50.00,135.30,10.30,3.70,69.34
10/1/2005,105.42,106.71,99.98,107.58,115.02,97.78,103.74,104.08,119.07,99.59,96.48,8396.57,7564.26,10353.89,10263.28,36.45,23.80,2211.69,2129.66,48.97,84.89,68.77,76.94,63.28,71.52,5385.81,20706.38,20900.51,13639.53,245.85,15429.53,1969.04,13.85,47.00,135.70,12.30,3.50,69.63
11/1/2005,105.25,107.35,99.75,100.91,83.19,250.97,105.10,97.34,94.75,106.27,113.76,19873.70,23183.65,9355.98,8999.37,30.15,34.26,2289.87,2140.52,53.48,84.90,68.59,76.94,65.68,71.35,5346.95,20917.15,21152.32,11030.36,300.50,17396.00,1875.23,13.89,47.50,134.50,8.80,3.90,66.04
12/1/2005,106.60,109.75,102.16,87.85,69.82,106.99,112.39,93.74,68.66,97.87,101.76,15923.79,18198.55,10304.09,8277.14,31.55,33.81,2248.81,2200.49,52.32,85.07,69.12,77.12,67.56,71.75,5702.11,15530.98,15129.22,10044.59,265.63,14811.20,1641.51,13.94,50.30,134.10,10.30,3.70,68.92
1/1/2006,111.32,114.96,102.58,96.65,64.73,128.14,117.44,97.70,45.99,107.41,99.10,12015.51,12814.70,9485.72,9639.33,20.05,29.18,2060.76,2122.84,52.48,84.90,69.44,77.51,66.18,72.06,5328.14,19783.82,19045.28,11466.14,249.35,12893.72,1980.09,14.19,49.90,133.70,8.10,1.70,73.84
2/1/2006,112.34,116.59,103.58,97.15,67.94,116.92,115.89,95.47,79.61,105.84,98.34,10321.31,10518.98,8849.86,8879.43,41.34,31.82,2115.93,2190.11,52.42,85.09,70.04,77.71,70.39,72.33,5093.18,20343.39,20094.09,11881.56,258.89,10641.29,2550.80,14.37,49.80,134.00,8.80,1.40,81.75
3/1/2006,113.19,118.60,104.44,107.30,71.15,124.12,110.33,88.11,153.71,104.15,118.64,10628.93,10614.62,8720.06,9323.46,54.63,34.24,2444.05,2203.79,54.44,85.26,70.27,78.06,70.23,72.75,4839.89,17830.82,17074.02,10541.75,304.85,15854.14,2641.07,16.79,49.90,134.50,7.50,1.10,80.99
4/1/2006,114.25,119.83,104.82,116.89,65.80,151.10,99.32,93.85,166.85,96.46,104.43,9015.93,8701.35,9803.03,8921.00,52.00,28.04,2007.03,2087.74,49.46,85.54,70.89,78.04,68.21,72.96,5070.20,20959.02,19284.04,12581.48,283.93,19621.68,2606.99,17.66,50.00,137.30,2.80,1.70,82.00
5/1/2006,112.60,118.40,104.00,120.87,55.64,151.10,94.54,94.38,113.98,102.19,105.82,9530.05,9363.93,9301.76,9495.95,59.34,33.82,2367.24,2251.31,56.61,85.70,71.67,78.51,71.09,73.54,5095.87,17878.75,16744.73,8465.44,268.20,18395.78,2311.22,17.91,49.20,140.10,6.70,1.60,92.11
6/1/2006,116.54,125.00,105.05,120.87,36.65,151.10,93.44,88.28,94.85,107.15,104.56,10528.02,10311.58,8973.54,10402.12,71.62,35.80,2396.94,2255.53,55.47,86.01,71.82,78.87,71.63,74.21,5217.94,18141.91,17370.09,9586.15,309.43,18599.08,1926.90,18.09,48.70,139.90,8.90,1.60,104.05
7/1/2006,110.42,117.54,107.76,108.37,43.87,151.10,92.54,81.31,102.51,109.36,99.61,9319.42,8774.93,8755.60,8828.31,74.46,32.43,2315.03,2229.71,55.11,86.26,72.30,78.95,72.51,74.29,5880.74,19995.52,19166.00,10687.74,242.57,19820.88,2000.42,18.28,47.70,142.80,8.10,1.70,95.73
8/1/2006,105.92,111.68,109.37,100.18,67.41,151.10,92.57,81.62,147.05,111.06,102.02,10161.75,9802.12,9360.34,8915.02,61.70,27.44,2626.54,2267.05,53.86,86.38,72.60,79.35,74.20,74.43,5711.75,15863.66,15153.75,10913.00,327.79,13219.84,1892.64,18.56,46.90,148.10,12.20,2.10,83.23
9/1/2006,103.01,107.92,110.87,100.18,73.83,151.10,92.47,80.90,140.87,112.75,106.46,9500.37,8883.69,8619.47,7867.67,133.76,24.35,2650.99,2102.09,52.09,86.44,72.69,79.26,74.31,73.90,5354.67,18149.51,17724.30,8219.45,291.71,16151.83,2189.53,18.61,45.40,148.60,9.20,4.30,68.52
10/1/2006,106.53,113.33,109.97,93.40,83.19,151.10,92.34,79.89,126.93,113.93,102.02,10207.99,9987.37,8444.09,8114.02,70.46,30.21,2665.35,2140.16,51.91,86.79,71.74,79.40,73.15,74.03,5577.81,18219.55,16541.52,9938.47,284.55,21616.45,2062.23,18.60,43.00,152.10,11.20,4.30,69.36
11/1/2006,101.88,106.79,108.18,99.40,88.54,151.10,107.59,84.30,123.34,115.88,120.29,20548.25,24433.57,8847.66,8255.92,60.73,32.41,2685.04,2859.77,56.24,87.01,72.35,79.66,77.48,74.12,5727.73,18006.15,16253.09,10498.16,298.57,11464.45,1843.43,18.61,41.40,150.40,11.50,4.00,60.37
12/1/2006,104.49,110.77,109.47,92.95,89.34,140.30,111.20,89.31,122.69,117.31,107.60,16520.65,19154.08,10267.10,8062.66,63.44,34.71,2540.68,2400.40,65.36,87.27,72.58,80.38,76.63,74.90,5913.38,19419.28,19005.83,10738.07,296.02,18241.70,1644.81,18.62,38.60,148.70,13.00,3.30,62.55
1/1/2007,110.41,120.73,113.45,102.99,82.92,92.31,114.57,86.58,89.64,118.25,101.75,12369.30,13851.26,8900.05,9059.11,90.37,35.05,2018.31,1978.45,52.27,86.27,71.91,80.38,76.77,75.18,5104.48,17865.72,17493.79,9851.40,246.21,12230.78,2372.53,18.72,30.60,149.50,11.00,2.00,74.58
2/1/2007,111.51,122.81,116.57,92.28,97.37,64.76,113.90,80.37,91.92,111.23,100.97,10399.41,11057.78,8120.82,9019.74,118.67,31.22,2389.17,1944.68,58.29,86.38,72.59,80.83,80.04,75.91,4969.61,19751.57,18875.93,9299.06,326.66,15728.93,2376.38,18.74,31.50,150.70,4.80,1.00,82.01
3/1/2007,109.64,118.96,116.05,121.26,113.15,52.16,111.01,85.49,146.08,111.22,121.81,10712.02,10901.45,9824.39,8738.91,149.30,35.96,2786.83,2208.88,54.83,86.81,72.76,81.38,80.23,76.49,5195.78,16785.37,16110.89,9627.05,296.08,15833.37,2501.51,18.74,35.30,150.80,7.00,1.30,78.47
4/1/2007,108.97,117.96,115.00,126.98,129.47,52.52,113.30,88.98,139.31,113.25,107.22,10357.65,10878.75,8656.27,8601.14,168.15,29.59,2175.39,2277.73,58.22,86.76,73.56,82.35,77.59,77.20,5330.03,18146.37,17328.69,11102.97,331.81,13475.11,2812.54,18.68,36.30,150.50,6.90,1.40,81.17
5/1/2007,109.45,119.03,116.36,126.98,118.23,52.52,129.49,90.17,101.05,115.40,108.66,10646.24,11142.42,9100.60,9687.35,133.75,34.38,2499.58,2440.34,61.50,86.70,73.85,82.61,80.73,77.39,5263.92,20179.76,19545.23,9322.42,266.53,12973.99,2229.75,18.72,35.90,148.90,13.70,3.40,81.46
6/1/2007,110.12,120.90,120.38,115.60,113.15,52.52,140.12,93.71,87.49,105.28,107.35,9627.97,9301.82,10641.42,10046.90,161.02,41.26,2572.12,2603.11,57.36,86.54,74.05,82.71,80.08,77.12,5653.71,15959.48,15300.28,9058.76,307.58,12797.22,1983.12,18.74,35.10,148.90,6.60,1.60,78.02
7/1/2007,107.95,116.53,121.42,122.61,125.19,52.52,133.59,100.35,96.02,117.16,102.27,9253.43,8605.37,11689.70,9879.52,122.67,34.24,2466.60,2279.22,56.18,86.87,75.27,82.35,75.50,77.01,6386.08,20470.79,19577.04,13443.27,294.18,20120.79,2071.00,18.74,38.20,152.60,13.60,2.20,70.05
8/1/2007,109.67,118.09,123.16,123.78,140.44,52.52,132.54,101.43,123.93,111.70,104.75,11019.39,11030.31,10844.24,10211.88,100.67,25.60,2913.37,2538.03,64.97,87.72,74.93,82.64,85.46,77.37,5974.93,17411.79,16338.35,12434.79,282.78,14155.24,1756.73,18.93,40.80,151.90,20.00,1.80,72.52
9/1/2007,113.18,121.90,123.87,91.10,134.28,52.52,134.23,101.77,125.64,109.57,109.31,10446.59,9897.37,10897.81,10479.08,63.61,16.99,2924.10,2379.02,60.28,88.02,76.12,83.04,78.79,78.16,5816.49,19273.82,18720.46,9626.30,321.38,14547.26,2016.23,18.93,41.10,154.50,13.30,2.90,73.85
10/1/2007,115.92,125.46,123.23,98.00,143.11,52.52,141.82,98.01,132.66,108.56,104.75,11409.80,11324.57,11200.52,10183.74,67.67,31.10,3024.22,2752.61,68.79,87.86,78.03,84.00,89.90,79.48,5552.27,18616.39,18097.05,12968.93,279.06,14606.68,2242.85,18.94,38.80,154.30,14.50,4.30,78.67
11/1/2007,118.86,128.86,120.85,106.91,142.84,308.67,149.62,99.31,117.96,103.40,123.51,24283.14,29956.35,9902.02,10057.65,66.64,48.38,2904.47,2481.50,68.08,88.91,80.14,85.13,93.28,81.15,5999.10,19999.81,17507.53,13110.22,325.66,12329.56,1756.60,18.99,41.70,151.10,10.40,3.50,84.59
12/1/2007,116.42,125.74,119.74,109.10,125.46,238.16,172.18,99.18,93.35,100.99,110.48,19661.09,23593.53,11616.48,9290.59,49.12,56.60,2979.31,2736.91,65.64,88.69,81.37,85.66,88.83,81.56,6703.73,19521.02,19078.36,11608.86,298.20,18381.79,1542.33,19.16,41.60,155.80,41.70,3.20,83.75
1/1/2008,122.96,134.07,123.78,109.10,117.43,82.31,183.56,98.06,97.44,105.73,100.89,13601.03,15221.69,10690.09,9502.80,99.38,53.20,2699.69,3453.09,78.64,89.21,82.59,86.76,95.45,82.56,7051.07,18761.02,19037.68,10213.98,311.69,15560.26,2455.50,19.09,43.60,158.60,8.20,3.00,86.93
2/1/2008,127.05,137.48,131.68,107.97,121.18,86.34,168.63,101.74,129.90,101.06,100.11,12076.15,12838.20,11051.22,9161.60,96.73,42.68,2494.95,2487.61,73.25,89.94,83.88,87.19,88.76,83.30,5512.94,19745.64,18560.38,11168.38,348.43,15468.16,2420.89,19.26,52.00,163.30,4.80,1.10,90.22
3/1/2008,134.30,146.45,149.07,111.90,134.02,122.10,164.31,102.83,189.33,100.01,120.78,11907.77,11910.80,11083.22,11540.47,112.25,47.45,2868.09,2820.99,72.58,90.78,84.82,87.65,85.67,84.26,5698.76,17753.34,15872.86,12813.65,288.41,16790.34,2508.66,19.27,55.20,187.30,9.40,1.30,88.29
4/1/2008,147.14,162.71,180.13,111.51,124.92,157.07,170.39,106.70,180.76,97.32,106.31,12970.20,13670.99,11315.75,11564.73,111.20,52.26,2593.90,2848.85,76.30,91.83,85.43,88.35,93.83,85.54,5689.65,19430.50,18073.07,14051.66,372.78,17454.35,2868.84,19.34,57.50,206.10,6.00,1.20,89.10
5/1/2008,145.52,161.19,178.75,112.12,83.46,178.65,152.77,107.70,168.31,99.57,107.73,15979.50,17949.34,11950.25,12050.86,132.78,63.05,2861.22,2722.37,72.25,92.32,86.49,89.33,92.34,86.97,5874.17,19597.06,19857.30,13495.33,289.60,14533.05,2354.57,23.11,55.20,206.60,9.10,2.60,97.44
6/1/2008,146.16,163.68,171.21,98.67,94.69,178.65,179.98,104.55,143.69,98.63,106.44,13410.71,13670.11,12003.62,11281.82,173.99,57.74,2937.54,3131.39,75.13,92.19,88.29,90.27,91.44,88.16,6198.32,19073.46,17884.37,10746.13,279.88,14432.12,2021.87,23.34,51.90,201.10,10.70,3.40,107.11
7/1/2008,148.65,166.58,166.63,106.80,148.46,178.65,188.53,101.88,140.15,100.21,101.40,13136.25,13163.43,11903.92,11345.64,192.20,44.87,2839.97,3294.00,83.38,92.09,89.66,91.48,93.11,89.22,6558.55,20454.90,19141.04,4600.00,306.67,16315.33,2130.17,24.49,49.40,212.70,7.80,4.20,107.51
8/1/2008,144.03,159.66,156.97,95.14,153.54,178.65,157.02,104.80,156.34,98.25,103.86,14647.59,15169.54,12760.96,12219.44,170.20,29.96,2928.72,2723.47,74.01,91.42,87.38,92.17,87.16,89.38,6215.60,19264.40,18598.33,10617.38,240.68,14459.90,1938.76,24.55,48.90,236.80,8.50,2.90,99.99
9/1/2008,142.30,156.94,152.09,95.14,163.17,178.65,140.16,107.34,152.99,92.89,108.38,14134.94,14469.91,11685.71,11882.62,116.88,34.11,3025.03,2808.83,78.08,91.35,85.61,91.03,85.65,88.82,5882.62,19729.61,18506.23,12987.15,303.26,16192.24,2109.90,24.69,49.90,238.80,10.60,5.50,97.05
10/1/2008,124.16,133.16,143.47,89.59,134.82,178.65,117.47,103.05,125.66,95.57,103.86,12709.83,12867.00,11893.42,11740.09,106.44,53.27,2767.25,2872.17,77.26,91.85,83.51,89.98,85.32,85.91,6419.95,21879.17,21252.73,13023.66,287.20,17339.17,2416.84,24.66,48.90,223.50,11.30,5.20,70.43
11/1/2008,117.49,125.00,134.90,88.91,96.83,284.21,114.49,102.99,104.91,97.63,122.46,24638.37,29913.28,11510.59,10890.91,101.63,45.04,2144.31,2833.30,64.05,91.95,81.62,88.87,72.50,84.34,6277.94,20735.58,20727.56,13052.26,309.77,12433.10,2021.47,24.59,49.50,213.40,13.40,5.00,61.34
12/1/2008,111.46,116.80,131.57,73.83,84.80,128.22,124.50,103.33,90.99,96.55,109.54,19004.01,22066.10,12410.78,13718.30,75.49,46.53,1922.78,2589.47,71.27,93.05,79.46,88.23,70.36,82.92,6307.03,23505.48,22989.04,10387.11,323.51,12270.50,1722.18,24.59,49.80,212.30,10.00,4.90,44.11
1/1/2009,116.11,122.67,137.23,72.43,90.15,109.73,128.09,99.84,89.29,97.64,99.71,13769.18,15176.38,10648.90,10451.96,80.24,36.44,1593.28,2564.05,65.17,93.13,79.84,87.95,66.80,83.20,6491.63,22902.34,22298.67,12130.88,246.31,19000.68,2410.55,24.67,51.60,211.30,4.30,1.80,53.02
2/1/2009,119.55,126.14,141.10,67.27,117.97,70.44,143.38,102.85,100.86,94.54,98.95,12349.91,13123.53,11073.98,10290.71,125.00,34.36,1684.91,2238.00,58.27,92.37,79.33,87.55,65.81,83.02,5836.16,21285.82,21041.62,12110.97,339.01,19047.83,2578.83,24.56,54.20,212.70,5.80,1.00,52.56
3/1/2009,119.81,125.98,142.86,67.27,136.16,84.69,114.82,91.51,172.47,96.19,119.38,11427.30,11589.58,9225.87,10915.36,152.71,37.57,2096.85,2222.12,66.98,91.37,79.38,86.83,65.61,82.51,5314.45,24318.79,23047.75,11284.11,358.78,16423.27,2743.90,24.65,55.20,211.10,7.00,0.90,52.00
4/1/2009,121.67,128.45,140.98,97.38,153.81,85.26,123.76,98.90,165.11,97.47,105.08,11109.81,11111.75,10820.19,12050.08,173.20,36.34,1945.65,2065.23,67.49,91.32,79.14,87.72,70.66,83.00,5820.62,20871.25,20005.62,12687.14,284.30,16911.10,2874.95,24.70,57.30,212.40,5.40,0.50,56.98
5/1/2009,118.95,124.88,139.96,95.30,158.63,115.12,150.88,103.44,116.12,95.71,106.48,12288.26,12491.62,11547.71,12467.94,166.36,40.35,2158.42,2204.88,60.65,92.24,80.59,88.76,68.24,84.37,5581.19,22428.08,21983.26,12081.54,259.37,19054.30,2615.23,24.69,58.80,211.40,7.30,1.00,60.06
6/1/2009,118.12,124.02,140.94,122.83,143.65,147.50,146.58,108.65,106.51,94.42,105.20,11236.85,10847.89,11990.42,13354.30,168.85,46.24,2361.28,2458.96,67.97,92.80,82.88,89.85,69.39,85.47,6054.69,21258.79,17966.93,13236.79,325.45,15788.03,2134.15,24.72,58.60,214.50,5.70,2.20,58.32
7/1/2009,117.56,123.47,143.24,109.54,153.28,147.50,128.28,109.54,117.19,98.74,100.23,11327.02,10751.73,12529.64,12692.50,170.14,39.30,2328.84,2594.09,68.76,92.88,82.65,90.21,72.53,85.86,7075.67,21439.64,20494.31,12564.64,283.35,16646.38,2073.87,24.73,56.40,209.70,8.30,2.70,59.65
8/1/2009,118.31,124.56,135.08,149.80,159.70,147.50,137.07,109.21,147.49,98.05,102.65,13220.63,13079.41,14056.74,13139.67,153.93,26.79,2538.30,2532.69,64.81,92.90,83.89,91.39,72.15,87.57,6444.07,21615.38,21092.05,14686.72,280.09,17096.65,1928.39,24.63,54.70,192.80,7.30,3.50,69.60
9/1/2009,123.42,131.48,139.15,149.80,156.22,147.50,123.67,109.49,153.40,96.91,107.12,12291.65,11726.96,11880.42,12021.32,172.76,30.23,2872.21,2638.26,75.05,93.30,84.77,91.21,76.13,88.30,6024.49,21922.95,18682.52,13455.52,321.17,13986.76,2200.51,24.66,53.90,193.70,6.10,5.90,73.52
10/1/2009,121.99,129.83,136.06,94.74,143.38,147.50,120.00,109.96,135.75,94.70,102.65,12892.80,12723.57,12272.34,11582.64,177.40,35.47,2696.81,2811.44,70.69,93.56,85.82,91.80,81.19,89.51,5981.48,21910.06,20375.89,12986.01,299.64,21248.49,2241.76,24.67,53.00,189.90,8.20,7.00,78.30
11/1/2009,128.50,138.72,142.73,179.40,99.78,147.50,138.06,111.97,105.49,93.48,121.04,26879.70,32898.09,13189.22,11279.08,168.26,36.10,2650.30,2707.13,74.33,93.43,87.12,92.39,79.77,90.50,6406.49,20244.37,19935.30,15657.89,323.16,15302.87,2159.20,24.55,52.60,204.00,13.30,5.00,84.68
12/1/2009,138.49,151.57,158.60,179.17,109.14,128.29,152.44,114.28,99.97,94.49,108.27,22940.44,27607.49,13635.31,11440.40,135.93,40.16,2833.74,2735.05,74.76,93.45,87.58,92.94,87.86,91.87,6094.60,19275.80,18268.07,11896.09,337.09,14185.61,1939.09,24.55,53.50,217.90,16.00,4.80,93.50
1/1/2010,142.08,156.04,158.65,152.21,117.16,84.18,138.35,119.99,96.11,103.91,96.07,16017.07,17808.11,14347.19,11831.33,137.67,34.19,2651.56,2631.41,73.58,93.23,87.99,93.24,85.66,92.44,6371.81,24554.24,25409.02,17974.73,332.40,16070.36,2515.66,24.59,56.30,220.60,7.20,2.00,102.19
2/1/2010,144.39,157.62,159.12,170.26,139.90,78.93,130.16,123.22,119.17,100.68,95.33,14719.94,15812.48,13705.02,13178.36,304.98,33.89,2543.41,2588.07,78.90,93.35,88.13,94.00,87.06,92.80,5878.82,21287.78,19783.43,13813.62,312.52,13765.05,2476.70,24.71,59.60,216.30,3.80,0.40,103.35
3/1/2010,145.58,159.06,155.19,203.95,142.31,83.61,128.51,116.76,180.33,96.65,115.01,13434.83,13270.21,13932.02,12875.16,381.50,40.26,3019.40,3189.86,75.80,93.66,88.15,93.96,84.76,93.10,5892.86,21504.02,20294.21,14853.79,348.61,14792.92,2650.86,25.51,60.80,218.10,2.80,0.20,108.12
4/1/2010,148.49,163.99,155.01,228.40,143.65,82.74,127.83,113.16,177.00,96.63,101.23,13261.67,13716.41,12450.72,12562.26,285.13,34.81,2106.49,3090.80,74.75,93.31,88.42,93.82,81.87,92.99,5705.18,25948.74,25590.40,11271.95,320.05,16386.66,2950.40,25.53,61.60,225.10,2.90,0.30,124.20
5/1/2010,146.63,161.10,155.95,228.40,145.52,82.74,125.85,119.49,146.73,97.48,102.58,16247.91,17831.32,13913.81,13530.99,272.26,37.26,2750.75,3153.25,76.29,93.47,88.18,93.80,84.95,92.85,5859.17,20692.55,19427.74,12360.90,283.23,21037.12,2904.39,25.56,62.40,223.40,7.00,0.80,117.90
6/1/2010,151.72,166.51,158.01,125.19,156.22,82.74,139.33,126.26,145.59,98.85,101.35,16163.54,16562.98,16646.15,13890.28,313.23,42.79,3208.59,3447.97,88.49,93.78,88.14,93.70,93.23,92.72,7231.35,24505.86,23702.28,15177.77,360.98,20438.77,2474.67,25.56,62.60,230.00,14.90,1.00,117.65
7/1/2010,155.77,171.37,167.33,133.15,163.71,82.74,144.86,125.23,135.34,99.31,96.56,15178.12,15423.02,13280.19,14563.90,178.30,38.30,2723.80,3264.87,77.63,94.34,88.44,93.94,85.08,93.13,6392.88,22741.03,22018.85,10715.86,342.04,19933.21,2122.29,25.78,61.90,237.90,10.90,1.50,108.05
8/1/2010,155.47,171.39,174.69,229.91,166.12,82.74,157.37,119.41,134.01,99.62,98.89,16175.22,16338.68,14884.33,14087.94,89.58,30.06,2924.22,3480.41,81.05,95.24,88.76,94.34,88.77,93.40,6956.07,20643.70,20193.75,14347.27,290.19,13859.15,2040.37,26.00,60.00,232.70,9.60,3.60,105.10
9/1/2010,156.38,173.21,173.12,155.35,152.21,82.74,167.25,117.40,118.25,101.03,103.20,16014.89,15873.98,14250.91,13647.13,85.55,30.05,3120.76,3436.34,81.06,96.04,89.78,95.26,90.57,94.81,6078.65,19447.54,17640.83,15380.92,325.52,16885.55,2214.64,26.00,58.30,233.10,8.80,4.10,108.18
10/1/2010,158.47,175.86,170.97,213.03,154.35,82.74,177.86,116.23,94.93,98.18,98.89,15540.52,15506.30,13433.12,13503.25,41.82,35.78,2787.84,3267.76,76.01,96.63,91.35,96.13,87.48,96.17,7003.35,24024.13,23905.59,15842.71,285.53,22796.95,2227.63,26.02,54.50,232.90,9.30,6.40,116.58
11/1/2010,162.35,181.89,164.22,190.33,153.81,383.14,210.66,115.12,75.37,96.71,116.61,36302.50,46199.30,14684.12,13545.78,56.28,53.10,2803.70,3416.23,92.12,96.85,92.25,96.77,93.31,97.21,6755.92,21800.03,20681.87,15966.75,340.89,13094.00,2056.65,25.98,52.80,239.70,11.40,5.30,129.96
12/1/2010,169.42,190.86,165.80,175.42,156.49,152.90,245.76,118.38,59.93,95.47,104.31,28619.65,36088.03,14448.39,13978.76,48.67,55.07,2927.51,3262.74,86.12,96.98,93.66,97.41,93.69,97.95,7361.55,22595.14,19690.46,17387.76,297.96,18451.67,1866.95,25.96,53.40,235.70,13.40,4.70,142.25
1/1/2011,182.25,207.46,165.37,183.38,154.88,186.86,298.87,124.28,55.08,93.91,92.90,21673.23,25110.61,15218.09,13555.82,179.97,50.85,2591.24,3838.37,94.21,97.46,94.61,97.82,95.70,98.35,5902.84,21679.63,21489.02,9763.82,31.12,18785.80,2424.32,25.83,53.70,236.30,8.90,2.00,168.41
2/1/2011,192.47,219.52,169.64,150.08,159.43,204.70,262.27,128.60,82.24,96.00,92.18,19660.97,22205.11,14649.46,13518.63,249.37,53.28,2558.72,3665.42,87.23,97.75,95.67,98.22,98.10,98.89,6055.65,17095.12,16158.75,14822.76,36.48,17771.91,2725.72,25.86,57.00,244.80,5.30,1.00,190.06
3/1/2011,172.96,192.34,166.81,175.70,170.93,138.07,202.57,131.28,154.05,90.18,111.21,18814.64,20382.64,16043.56,14571.15,423.02,61.77,3209.52,4838.57,94.02,97.71,96.90,98.54,98.65,99.24,6309.41,21850.16,22660.16,17401.40,47.04,31113.82,2869.13,26.02,58.70,241.90,10.70,2.80,167.42
4/1/2011,182.96,203.98,165.71,174.02,154.61,115.12,193.85,135.68,177.42,102.17,97.89,20805.17,23656.25,15286.69,15404.54,353.27,56.34,2600.95,3888.12,91.23,98.06,98.18,99.10,97.03,99.59,6501.53,22394.56,22250.63,11413.80,44.31,19706.48,2859.88,26.00,63.30,238.00,8.90,1.00,176.36
5/1/2011,174.81,191.96,162.86,173.96,134.55,133.11,207.38,141.39,163.00,101.47,99.20,20888.19,22705.65,16858.74,16206.02,550.30,72.22,2857.91,3559.34,92.24,98.38,98.73,98.96,95.95,99.29,6321.65,21328.42,21561.08,12942.64,61.11,17017.57,2751.41,26.00,67.60,233.90,11.00,1.20,157.00
6/1/2011,172.62,189.62,164.42,168.19,128.67,133.11,208.94,138.41,165.61,91.46,98.01,18032.40,18139.86,18687.39,15284.05,545.01,72.16,3145.78,4435.20,90.73,98.44,98.70,99.07,100.15,99.51,7024.04,22529.98,22183.77,18604.62,54.92,15782.42,2194.71,26.00,67.60,232.90,14.50,1.20,153.19
7/1/2011,164.56,179.00,167.19,133.65,135.09,133.11,188.10,131.92,166.55,92.28,93.37,16205.50,16018.57,14323.61,15604.91,298.95,61.35,3172.49,3902.12,86.23,98.67,99.31,99.19,100.21,99.83,7283.95,24871.77,24150.39,10856.59,38.71,25544.72,2056.68,26.01,68.60,229.80,8.90,1.70,143.85
8/1/2011,170.27,185.98,170.04,133.15,133.21,133.11,195.54,130.33,163.07,94.02,95.63,19191.12,19467.03,16637.70,16577.12,336.20,50.36,3255.79,5197.91,96.03,98.86,99.47,99.19,106.32,99.82,7038.87,21267.33,20592.73,16881.31,56.07,12063.61,2147.30,25.91,72.60,228.90,12.00,2.20,140.77
9/1/2011,172.33,189.25,171.07,133.15,117.70,133.11,194.26,129.05,168.17,97.75,99.79,20074.65,20671.78,16044.27,16032.15,218.30,46.87,3274.27,3822.27,94.09,98.70,99.66,99.11,104.13,99.90,7053.58,23010.60,20709.86,19878.38,57.46,15964.91,2292.48,25.90,70.60,237.70,14.40,5.30,139.50
10/1/2011,165.47,181.94,173.23,114.22,116.09,133.11,166.87,125.93,178.41,99.84,95.63,17048.66,16979.63,14906.79,16833.13,160.48,45.89,2263.29,3754.54,76.97,98.54,99.69,99.15,83.38,99.60,6632.13,26328.60,26438.41,11061.53,45.23,23296.58,2312.71,25.87,63.20,239.80,8.30,1.20,126.87
11/1/2011,158.33,172.87,179.91,141.33,84.80,133.11,188.40,123.98,173.54,100.19,112.76,46064.04,59455.02,16193.73,17621.84,147.61,45.21,1750.75,3693.26,89.12,98.79,100.07,99.13,77.78,99.49,6675.78,19962.60,19766.79,13695.34,42.82,14565.57,2051.17,25.87,59.40,251.80,4.50,0.20,107.06
12/1/2011,160.27,174.91,179.71,131.80,91.75,107.93,191.05,124.31,136.60,104.38,100.87,22554.60,25631.64,15535.29,16606.91,214.37,49.76,2033.07,4035.18,100.85,99.05,100.16,99.04,88.24,99.14,7252.67,21297.07,20032.13,19385.94,49.58,21002.56,1821.10,25.96,64.90,252.30,13.50,2.60,106.07
1/1/2012,158.75,173.55,174.66,122.94,84.53,77.71,191.97,126.15,131.54,102.71,86.83,19315.46,21625.61,17890.98,15356.79,325.29,49.35,1904.67,4038.16,92.14,99.41,100.70,99.42,88.28,99.51,6721.03,21719.94,21508.88,18776.43,50.10,15971.00,2398.48,25.95,64.40,243.60,7.30,1.30,114.85
2/1/2012,160.17,176.60,171.81,131.02,92.29,64.47,208.75,120.66,125.87,103.35,86.16,19233.18,21524.37,17818.99,15449.61,482.87,47.81,2335.13,4468.96,100.40,99.67,101.38,99.71,103.49,99.98,6941.61,23062.07,23369.43,18292.12,43.86,18053.53,2548.00,25.95,58.40,245.50,8.40,1.10,125.13
3/1/2012,158.20,176.49,171.20,141.56,81.32,67.99,211.50,99.06,131.12,105.36,103.95,19566.04,21968.51,14258.52,15649.37,392.18,48.55,3420.96,5570.19,101.02,99.74,101.72,99.87,99.12,100.24,6802.15,24790.73,24433.08,16011.14,66.36,15350.93,2945.57,25.94,55.60,246.20,9.00,0.80,122.38
4/1/2012,157.58,174.91,173.20,103.94,69.28,67.99,208.16,114.14,134.12,106.76,91.50,18705.20,20720.15,15944.28,14645.41,469.01,42.84,2653.72,4881.01,93.65,100.16,101.06,100.14,97.56,100.29,6875.94,21958.07,21637.30,15962.87,66.30,16583.31,2801.63,25.95,62.10,252.30,6.60,0.90,119.53
5/1/2012,155.25,170.83,174.65,103.94,72.49,67.99,186.45,121.22,131.17,107.54,92.72,19333.69,20666.88,17903.22,15795.26,615.85,54.17,3151.97,5242.52,106.96,100.16,100.48,99.88,109.69,99.98,7194.86,23956.83,23430.48,15079.76,48.52,20767.76,2526.20,25.93,63.10,252.50,12.40,0.90,117.10
6/1/2012,151.75,166.45,176.94,103.94,82.66,67.99,176.63,119.82,138.02,106.34,91.61,15714.65,15570.45,17691.93,16643.93,409.29,57.92,3126.50,4833.29,99.24,100.19,99.12,99.41,100.28,99.44,7408.28,22567.62,22624.22,16980.27,84.65,20180.82,2356.70,25.95,60.20,253.10,18.30,0.70,107.09
7/1/2012,151.91,167.39,176.49,107.64,102.45,67.99,188.99,117.23,156.58,102.07,87.27,15505.63,15580.52,17314.69,16257.33,361.06,48.97,2698.79,5117.18,104.55,100.20,99.11,99.81,99.35,99.65,8027.19,21632.03,22007.21,19456.20,83.31,26733.75,2153.06,25.94,58.80,255.70,8.30,0.60,99.29
8/1/2012,147.33,159.95,176.99,110.33,112.08,67.99,171.14,115.45,176.07,106.62,89.39,16251.58,17046.48,17165.65,16725.66,408.77,32.57,2783.24,5250.28,105.13,100.05,98.59,100.12,96.78,99.69,8516.27,21739.32,21347.79,19356.18,40.26,16326.34,2301.40,25.81,57.80,260.30,15.30,1.80,88.58
9/1/2012,151.77,165.94,181.72,112.12,123.32,67.99,154.11,110.18,188.04,107.06,93.28,18376.11,20238.66,16315.35,16040.10,157.54,27.78,2793.16,5009.98,100.09,100.06,99.41,100.18,98.35,100.00,7378.32,24290.08,23500.02,15298.57,55.02,24320.66,2496.28,25.81,56.80,258.40,23.30,2.60,93.38
10/1/2012,154.55,170.66,176.95,115.21,120.37,67.99,131.83,107.28,191.04,105.02,89.39,16713.14,17368.98,16237.98,15105.13,143.28,40.89,2641.32,5448.69,104.27,99.99,99.37,100.18,100.17,100.15,8238.22,23506.43,23816.47,20877.44,46.82,24233.53,2555.91,25.88,53.70,258.40,21.10,3.50,98.45
11/1/2012,151.50,165.47,177.35,123.45,89.34,215.13,139.99,116.37,171.50,101.40,105.40,43608.24,56899.07,17689.68,15416.33,102.61,48.36,2760.18,5293.48,100.57,100.16,99.42,100.47,104.07,100.36,8176.55,21755.96,21505.72,22638.51,48.31,14722.59,2198.79,25.79,55.10,253.00,13.70,3.50,91.74
12/1/2012,149.81,162.54,172.93,98.95,86.13,215.13,112.26,121.27,153.31,101.68,94.28,20749.52,23501.19,18421.10,16292.94,135.26,46.43,2726.48,5212.64,91.97,100.24,99.50,100.79,102.21,100.60,8089.89,24775.97,24546.86,19264.69,60.10,24608.11,2247.43,25.81,56.90,251.40,11.40,1.90,95.18
1/1/2013,151.99,164.13,176.22,105.51,79.18,115.12,120.25,121.80,156.62,120.70,80.33,20270.84,22522.36,19391.42,16086.03,209.15,47.88,2507.27,5395.86,121.35,100.19,99.60,100.86,106.60,100.56,7618.50,21484.13,21393.42,15721.88,69.31,17028.76,2657.08,24.50,58.00,259.30,9.80,1.50,99.58
2/1/2013,151.77,162.83,179.03,105.51,89.61,100.73,128.26,117.60,146.46,116.69,79.71,19242.06,21490.33,17753.84,16699.41,274.51,41.50,2396.97,4264.52,102.36,100.13,99.67,100.74,100.94,100.26,7763.46,27112.24,25764.22,22477.32,50.86,48377.06,2777.73,24.00,63.10,257.50,6.80,0.40,95.73
3/1/2013,149.96,159.81,177.94,118.51,98.97,93.54,134.31,117.04,145.15,114.20,96.17,19798.53,22319.29,14805.28,16411.07,268.00,43.07,2932.57,4927.28,95.20,100.24,99.15,100.54,102.42,100.14,9134.30,27685.10,26905.17,17727.77,66.38,17664.22,2985.00,24.00,61.30,259.10,7.40,0.50,87.55
4/1/2013,150.85,158.99,177.36,166.62,108.60,93.54,120.01,122.39,133.20,114.20,84.65,15219.40,15414.09,18938.36,16442.32,358.28,42.73,2552.93,5116.58,104.61,99.89,97.93,100.22,102.24,99.62,7684.61,21681.83,20929.50,18279.27,60.29,17872.26,3069.85,24.00,65.20,258.70,6.60,0.80,82.53
5/1/2013,155.00,163.81,178.75,166.62,118.50,93.54,126.45,123.42,145.40,114.89,85.78,16485.91,17334.18,16997.48,18511.85,426.21,41.17,2754.60,5206.63,106.76,99.93,97.12,100.08,104.71,99.59,7916.64,25463.76,26038.31,16274.60,52.07,27341.20,2727.41,24.00,65.10,262.20,9.10,1.00,89.60
6/1/2013,153.84,161.05,178.47,166.62,129.47,93.54,139.38,122.44,150.97,114.61,84.75,16192.79,16733.51,18022.76,20339.26,372.29,45.67,2854.09,4670.56,102.13,100.11,96.65,100.01,99.56,99.35,8382.42,27128.65,27188.37,17555.73,60.35,20888.53,2319.50,24.00,64.90,259.30,7.20,0.70,86.71
7/1/2013,152.20,158.66,175.41,133.15,124.65,93.54,132.31,122.75,167.53,116.97,80.74,14306.64,14105.03,16826.30,19654.06,248.79,49.06,2760.70,5052.07,107.24,99.83,96.58,100.00,99.75,99.24,9187.35,23737.41,23542.29,18676.59,64.89,15457.99,2294.74,24.00,66.00,254.30,6.40,1.30,80.39
8/1/2013,152.30,157.45,173.54,133.15,131.07,93.54,135.30,122.44,187.24,116.55,82.69,15741.40,15833.66,17460.46,20758.58,184.43,39.28,2812.67,4948.41,97.55,99.87,96.89,99.92,103.38,99.20,8649.92,26061.64,26700.82,17075.24,49.63,15835.82,2077.93,24.00,68.90,246.10,9.70,2.30,80.94
9/1/2013,153.76,158.17,167.26,105.68,135.62,93.54,149.81,121.58,182.52,116.13,86.29,17322.67,17687.26,18354.60,21766.54,195.48,31.02,2899.87,4445.26,97.19,99.93,97.41,99.79,98.78,99.07,8338.23,24475.30,25085.73,16668.40,38.98,15781.90,2443.49,24.00,66.70,241.50,6.10,2.60,83.91
10/1/2013,152.81,155.88,163.43,104.05,145.52,93.54,159.54,120.86,192.50,114.06,82.69,19489.67,20748.39,17068.90,21310.83,132.15,39.78,2741.11,4873.87,104.43,100.14,97.69,99.99,99.85,99.12,8239.90,23158.91,23099.75,14366.58,45.20,16542.65,2552.03,24.00,64.20,239.30,10.00,3.30,79.23
11/1/2013,150.62,152.72,156.64,143.52,149.26,93.54,179.54,117.18,179.01,112.95,97.50,42936.68,52715.69,16926.81,20282.47,148.30,42.31,2758.07,5042.20,101.11,100.34,97.85,100.14,101.62,99.12,8460.52,25364.40,25909.53,20362.50,41.23,15376.06,2193.50,24.00,65.70,236.10,13.00,3.10,78.57
12/1/2013,155.65,159.03,154.71,182.54,151.94,227.87,207.37,116.62,175.50,112.26,87.22,22144.67,24453.53,17874.52,21001.77,96.05,46.44,2766.65,4304.67,97.25,100.32,98.31,100.35,101.13,99.21,9012.54,25839.02,25455.24,21404.46,52.61,15618.74,2205.87,24.00,67.40,235.40,17.40,2.20,82.85
1/1/2014,153.80,156.59,152.01,187.53,160.77,136.71,212.01,120.86,118.62,116.91,77.53,19928.80,21844.07,15419.30,20163.36,169.49,44.82,2535.69,4484.46,106.26,100.28,98.36,100.30,101.85,99.02,8395.95,21902.09,21024.18,14645.22,63.15,23888.63,2184.21,24.00,69.70,234.30,7.30,1.40,77.11
2/1/2014,145.98,145.91,155.24,187.53,173.87,68.35,220.98,121.11,136.20,116.07,76.94,18543.04,19418.74,21209.53,19818.10,156.73,45.96,2509.90,4164.35,90.91,100.26,98.21,100.09,101.69,98.47,9120.65,27013.97,27041.06,20082.63,72.05,37172.26,2411.46,24.00,71.90,229.70,4.70,0.30,70.18
3/1/2014,147.90,148.92,153.86,192.29,196.34,80.59,194.33,117.43,209.29,114.82,92.82,17828.82,18642.89,17525.03,19351.29,212.72,46.73,2763.54,4326.33,95.62,100.53,98.06,100.47,97.72,98.82,9017.73,24816.88,23399.02,13893.94,65.76,19648.09,2649.03,24.00,73.10,229.50,7.50,1.20,73.61
4/1/2014,142.82,142.53,151.22,182.31,198.48,58.78,148.37,116.93,222.82,114.96,81.70,14530.09,14413.08,16755.46,18690.48,226.43,42.70,2388.69,4380.68,103.12,100.43,97.15,100.34,101.99,98.68,8640.86,23147.61,21712.02,16862.66,43.64,20969.67,2620.26,24.00,74.40,220.00,5.10,0.70,70.76
5/1/2014,141.35,140.81,151.95,182.31,189.92,53.96,150.47,117.99,234.78,114.12,82.79,16630.77,16521.43,22463.76,20847.80,328.32,46.85,2850.16,4547.57,97.63,100.62,96.78,100.15,101.66,98.43,9264.50,24496.57,23358.12,18069.79,75.52,28675.15,2275.61,24.00,77.60,218.70,7.90,1.20,67.35
6/1/2014,144.25,144.91,152.62,182.31,150.33,53.96,158.59,118.93,195.92,114.96,81.80,14660.69,14669.63,14902.40,20383.65,257.81,57.51,2785.95,4687.48,95.59,100.63,97.22,100.28,102.19,98.68,9080.36,26999.48,27337.21,13068.49,50.24,16790.08,2221.38,24.00,77.60,220.70,7.00,0.70,67.65
7/1/2014,144.08,144.63,155.04,170.04,154.08,53.96,169.13,117.76,168.07,117.19,77.93,14018.46,12798.53,23912.31,20497.62,258.38,54.96,2721.44,5559.89,103.01,100.59,97.29,100.46,102.76,98.94,9709.04,24795.91,24200.09,15014.67,53.47,16041.33,2113.96,24.00,78.20,217.40,6.50,0.90,64.66
8/1/2014,142.74,142.09,158.88,164.82,162.37,53.96,159.93,121.05,161.92,116.63,79.82,15924.90,15956.39,17360.38,21693.00,216.34,35.46,2949.25,3914.86,85.59,100.31,96.56,100.42,98.86,98.74,9516.02,26930.22,27520.37,18794.90,71.91,26427.06,1996.34,24.00,76.70,223.50,10.10,1.40,59.51
9/1/2014,139.64,138.66,157.51,186.12,177.08,53.96,150.00,121.41,153.93,116.77,83.29,16260.12,16587.69,15411.09,20226.20,237.85,28.03,3003.74,5247.37,116.18,99.80,95.76,100.20,102.83,98.35,9026.51,26792.02,27207.65,14652.05,64.41,18528.23,2201.51,24.00,73.60,222.40,8.50,4.40,53.33
10/1/2014,140.67,141.11,154.94,192.68,194.74,53.96,161.37,118.24,146.42,115.93,79.82,17247.47,17087.49,22884.71,19778.34,259.71,29.81,2922.79,4760.70,108.44,99.56,94.27,99.60,106.80,97.64,9639.93,24744.34,24982.99,15153.32,86.73,18200.04,2147.84,24.00,68.50,226.30,7.40,3.80,52.54
11/1/2014,139.42,140.47,150.82,176.03,218.28,53.96,178.96,112.80,103.99,117.33,94.11,34685.71,40960.89,17906.53,19501.27,283.83,30.95,2936.31,4464.53,102.48,98.92,92.82,98.92,101.84,97.03,9447.01,35674.50,36428.00,16314.11,65.97,39873.89,2080.32,24.00,65.40,225.00,9.40,2.00,53.75
12/1/2014,137.64,139.04,147.30,191.17,230.85,127.71,197.60,111.35,96.05,116.07,84.18,24703.39,27577.66,19664.49,18902.46,184.30,45.51,2947.11,4503.75,104.49,98.66,91.15,98.00,104.98,96.09,10691.10,25869.72,25317.18,23788.01,44.00,21943.25,2178.00,24.00,64.60,221.90,12.10,2.50,53.35
1/1/2015,137.54,139.85,148.44,190.61,227.64,129.51,207.51,109.93,133.44,133.91,77.64,19599.65,21283.63,16218.95,19122.09,148.15,44.64,2702.69,4515.79,104.77,98.76,87.93,96.93,103.33,95.18,9446.89,24260.62,24392.64,14822.06,95.24,22378.63,2286.31,24.00,63.10,223.90,5.20,1.40,55.51
2/1/2015,142.72,146.88,152.02,190.61,250.11,89.94,216.79,107.62,140.06,132.49,77.04,18611.69,20257.43,15196.48,17289.83,140.96,43.93,2482.34,4386.13,108.74,98.48,87.77,96.90,101.29,95.04,8868.79,24627.21,24728.12,14933.03,97.33,23805.51,2562.91,24.00,61.60,225.60,4.00,0.50,59.71
3/1/2015,136.99,140.40,152.68,184.39,261.88,57.56,158.62,105.81,182.81,130.75,92.95,16118.51,16805.23,14194.36,17349.90,256.53,53.10,2618.77,3881.81,101.50,98.09,87.19,96.99,98.59,95.10,9042.36,21678.33,20450.98,15196.30,53.99,16805.86,2521.82,24.00,61.70,219.60,11.30,1.10,58.34
4/1/2015,132.52,134.73,151.93,177.72,260.81,130.81,137.65,103.72,208.96,131.38,81.81,12198.85,10463.31,23405.19,17948.43,263.06,53.40,2484.98,4508.25,107.18,98.00,87.31,97.05,104.12,95.02,9576.99,25269.65,23499.01,15671.53,85.85,24631.14,2560.55,24.00,63.40,213.70,9.40,0.80,55.80
5/1/2015,133.77,135.53,149.81,177.72,256.53,139.08,147.55,108.73,171.13,130.59,82.91,12604.33,11772.32,14605.08,19729.61,255.64,51.56,2719.49,4090.94,96.36,97.64,87.58,97.14,98.13,95.09,9015.98,23449.11,22966.75,19062.46,106.35,23923.85,2472.02,24.00,63.40,214.60,12.90,1.30,61.72
6/1/2015,137.43,139.60,148.05,189.49,267.50,151.10,163.78,108.79,154.33,130.75,81.91,12935.15,11848.04,17932.89,19424.38,227.20,60.59,2605.80,4731.59,105.75,97.20,87.82,97.08,98.90,95.22,9080.68,21214.65,20427.22,14716.12,83.33,16248.98,2320.24,24.00,64.40,216.00,10.40,1.40,62.13
7/1/2015,134.35,135.04,150.62,206.76,282.48,151.10,143.61,109.90,148.51,133.44,78.04,11178.15,9723.07,15038.83,20361.00,294.80,56.42,2602.16,4244.36,102.45,96.91,87.14,96.65,105.21,94.58,9669.32,23436.95,22885.21,15538.17,87.29,26206.69,2290.71,24.00,65.40,216.50,22.00,0.80,56.85
8/1/2015,137.66,139.28,153.22,206.76,288.63,151.10,133.47,110.74,146.71,132.65,79.92,14648.08,13555.40,22601.02,20919.05,237.91,34.37,2731.11,4633.91,100.66,96.36,84.87,95.74,93.10,93.62,10179.65,23648.43,23270.88,24589.83,123.43,21896.24,2062.38,24.00,65.90,214.60,8.10,1.30,52.36
9/1/2015,133.87,133.88,150.55,206.76,301.20,151.10,135.95,113.64,150.40,132.80,83.40,13350.17,12067.08,19817.89,20210.05,270.71,24.45,2882.15,4156.20,106.88,96.54,83.69,95.19,101.14,93.02,9729.94,22320.97,22465.28,16912.07,96.42,17586.67,2125.61,24.00,66.50,213.00,7.80,2.10,48.45
10/1/2015,132.52,134.35,148.52,187.02,316.99,151.10,156.63,100.35,163.39,131.38,79.92,13924.96,13130.59,15254.19,20546.04,275.94,38.04,2917.89,5216.08,99.55,96.66,83.37,95.30,101.61,93.16,9511.12,28140.68,28683.35,15877.59,102.04,24159.15,2056.36,24.00,64.30,215.10,4.10,2.00,47.13
11/1/2015,129.31,130.66,140.75,173.01,325.81,151.10,171.60,99.65,162.03,131.85,94.24,36603.45,44109.15,17152.91,19372.33,194.77,49.94,2631.35,4690.99,104.48,96.79,82.63,95.31,96.92,93.04,10061.95,25578.27,23313.06,20429.45,97.31,26956.65,2021.41,24.00,63.40,215.60,7.90,2.80,43.94
12/1/2015,130.77,132.36,140.06,168.19,281.41,295.00,189.62,103.66,133.18,130.90,84.30,22081.56,23978.71,22036.86,19203.77,170.92,61.59,2701.11,4081.71,108.89,96.59,81.63,95.26,99.75,92.87,10144.80,23610.64,24076.40,20067.17,86.70,17195.84,2040.09,24.00,64.00,210.50,9.00,1.90,45.24
1/1/2016,128.46,128.73,139.34,181.58,279.00,250.03,215.47,104.86,101.84,156.21,79.71,18015.72,18570.13,17476.60,20781.57,196.16,57.22,2469.13,4481.69,104.83,97.31,80.75,94.95,96.65,92.50,9500.42,24809.35,23147.92,14711.74,89.81,19587.70,2423.86,24.00,65.00,213.50,11.20,1.50,44.42
2/1/2016,131.24,131.57,139.53,212.53,281.94,146.78,203.44,105.53,121.61,155.47,79.10,16198.42,16366.86,14900.38,20035.85,252.91,58.53,2381.44,3868.76,107.52,97.57,80.42,94.69,104.22,92.18,9333.22,23898.66,23280.18,17448.24,81.15,16275.10,2693.92,24.00,64.80,217.90,5.80,1.10,44.99
3/1/2016,133.63,134.82,138.70,147.50,260.81,168.22,190.32,106.28,175.15,153.42,95.43,13568.73,12649.30,14983.52,22017.03,310.18,69.67,2524.82,4363.81,115.65,98.07,81.59,95.22,99.51,92.95,9242.31,23091.69,22517.67,15814.45,75.43,15629.05,2697.29,24.00,64.80,214.80,9.10,0.40,51.11
4/1/2016,138.35,141.08,137.99,157.20,249.58,146.85,207.83,106.89,193.83,154.17,84.00,11458.01,8790.78,23127.34,20629.57,237.53,54.21,2292.45,3927.30,107.22,98.49,82.39,95.35,97.57,93.22,8905.99,24997.37,22929.40,13853.42,73.36,23879.93,2807.66,24.00,65.70,216.60,6.80,0.60,60.04
5/1/2016,142.31,145.29,141.03,213.03,276.86,146.85,208.26,108.96,174.07,153.05,85.12,13011.76,11505.59,14932.61,21744.99,263.97,54.39,2382.08,3970.62,104.96,98.65,83.12,95.73,94.64,93.74,9085.59,24206.42,23051.90,14797.10,73.60,20985.95,2599.71,24.00,68.00,220.20,7.00,2.00,59.68
6/1/2016,142.41,145.05,141.34,213.03,319.66,146.85,211.28,104.97,147.69,153.24,84.10,13317.65,11256.85,18626.90,22161.93,212.70,58.34,2543.05,4020.05,113.13,99.18,83.97,96.09,97.53,94.28,9848.56,25077.22,24965.38,17200.30,59.82,17158.59,2301.60,24.00,70.50,224.60,6.00,1.60,55.21
7/1/2016,153.62,160.27,141.90,134.38,326.88,146.85,251.26,104.05,134.65,156.21,80.12,12939.00,10606.54,16326.36,23506.79,196.00,46.28,2500.99,4283.86,108.42,99.63,84.14,96.15,96.39,94.38,9792.00,24972.00,22890.00,15382.00,108.35,26379.00,2261.26,24.00,69.80,222.40,4.50,1.10,61.62
8/1/2016,154.95,161.91,139.59,157.76,307.62,146.85,230.90,106.98,139.50,155.47,82.06,14487.55,12505.29,19482.84,23245.47,187.29,33.59,2776.53,4466.87,112.56,100.40,84.45,96.27,100.88,94.22,9925.60,25608.68,22779.63,18090.22,62.47,23515.34,2178.14,24.50,68.60,220.70,5.10,1.70,58.41
9/1/2016,142.35,145.51,133.08,161.23,291.31,146.85,215.25,106.42,155.40,155.65,85.63,15445.36,14224.95,18434.62,22671.51,153.02,21.05,2991.03,4548.64,111.54,100.76,84.74,96.49,102.22,94.41,9808.82,26624.46,26558.62,20186.07,91.62,20952.01,2030.83,24.50,66.80,214.60,3.20,2.70,56.01
10/1/2016,130.32,131.71,123.60,142.59,286.06,146.85,220.73,97.38,147.88,154.54,82.06,16733.13,16472.08,15223.11,22408.06,155.62,23.42,2750.10,4840.28,108.19,100.45,84.93,96.81,96.33,94.70,10083.32,25720.01,23957.54,18828.10,92.00,20477.32,2206.47,24.50,62.90,205.60,3.20,1.60,58.86
11/1/2016,132.64,135.09,122.42,146.76,266.36,146.85,221.51,98.18,153.55,155.65,96.75,40248.15,47955.12,21501.04,21067.94,152.27,50.21,2777.76,4614.49,111.71,100.25,84.86,96.89,102.21,94.87,10880.38,26484.88,24530.80,20629.29,64.90,19278.07,2063.61,24.50,61.80,203.40,4.30,1.40,66.05
12/1/2016,141.96,147.76,130.95,133.51,236.60,218.42,224.17,98.83,135.32,154.35,86.55,22805.55,24323.52,19591.30,21691.01,183.45,67.57,2784.20,4383.61,111.80,99.32,86.07,97.32,101.60,95.46,10725.55,23938.15,23612.72,22134.14,116.05,18628.18,1844.39,24.50,59.80,218.80,8.50,1.30,79.40
1/1/2017,147.73,155.97,131.88,123.56,203.78,176.99,224.41,97.86,110.74,165.53,83.29,19602.18,20543.39,18657.37,20299.39,166.15,59.58,2505.43,3916.35,103.73,99.54,87.48,97.86,99.59,95.93,9174.79,23647.70,21897.67,15251.04,88.65,23964.80,2205.60,24.50,58.70,213.30,4.00,1.40,91.68
2/1/2017,147.13,154.79,132.83,126.21,170.46,115.12,242.25,98.27,131.77,164.74,82.65,19504.20,20532.25,17246.55,18690.78,233.53,61.43,2591.04,4973.46,109.49,99.76,87.51,97.86,102.30,96.07,9593.48,24423.63,24189.42,20531.54,74.19,18591.96,2491.16,24.50,58.00,211.00,3.90,1.20,96.04
3/1/2017,143.90,150.72,133.88,120.31,179.16,137.44,202.24,100.35,219.06,162.77,99.71,19578.53,20510.94,17497.33,18723.65,302.02,57.79,3015.37,4740.91,116.49,99.75,87.31,97.83,105.67,96.06,8950.92,25905.88,26479.61,14372.73,85.69,22387.43,2419.26,24.50,56.40,213.00,4.80,0.70,83.86
4/1/2017,141.57,148.13,130.07,125.66,163.78,175.49,179.98,104.76,219.90,163.36,87.77,15180.03,14463.48,18359.89,18214.07,319.20,46.32,2355.09,4402.64,107.11,100.07,87.43,97.94,102.18,96.29,9434.40,22862.34,20648.56,16883.24,80.68,19870.14,2343.74,24.50,57.40,210.70,4.80,1.00,77.79
5/1/2017,137.81,141.84,129.89,155.60,123.58,193.60,185.41,109.92,188.17,162.18,88.94,14380.20,13213.10,17594.45,20072.48,351.37,58.63,2977.09,4667.44,120.24,100.28,86.74,97.92,108.01,96.21,9283.71,22164.67,21630.66,16383.25,88.34,19405.78,2238.61,24.50,59.80,200.90,4.30,1.90,75.54
6/1/2017,134.15,136.93,133.29,139.45,108.67,193.60,166.27,108.45,147.36,162.77,87.88,12655.68,10645.83,18771.52,20542.23,277.99,51.53,3078.48,4399.13,116.49,100.59,86.41,98.10,107.82,96.46,10192.44,26273.95,26036.22,19386.31,86.73,27596.31,2210.13,24.50,60.40,206.30,5.30,1.10,61.11
7/1/2017,129.48,131.24,133.40,145.56,113.85,193.60,157.55,107.41,141.00,165.92,83.72,11682.78,9449.93,19061.26,20695.37,221.92,53.86,2752.03,4720.01,114.99,100.68,86.97,98.58,106.67,96.81,10080.45,23097.48,22227.77,18172.54,72.34,18477.44,2010.70,24.00,58.90,207.50,11.40,5.40,58.98
8/1/2017,129.47,130.77,134.38,210.83,114.62,193.60,149.42,109.67,150.05,165.13,85.74,14681.72,13579.98,17673.04,21229.23,276.64,39.59,3133.25,4672.13,118.33,100.86,87.63,99.11,106.88,97.65,9472.29,22021.84,20832.35,15281.35,80.37,17492.37,2061.46,24.00,58.10,202.70,10.00,3.00,60.94
9/1/2017,133.71,136.93,135.47,162.97,115.69,193.60,160.14,109.81,183.07,165.33,89.48,16202.94,15443.11,20462.07,20950.91,204.87,29.64,3316.41,5045.37,116.07,100.99,88.58,99.60,106.51,98.40,10122.42,25423.74,25093.89,19350.62,123.68,23775.30,1981.15,24.00,57.50,206.50,9.00,3.00,61.41
10/1/2017,127.25,131.31,133.37,159.83,110.00,193.60,154.04,100.57,211.09,163.95,85.74,16361.51,16230.00,17249.47,19335.53,145.84,35.44,3144.75,4993.22,119.17,100.95,88.70,99.91,106.38,98.52,9908.25,24282.00,23988.76,16158.87,55.57,27487.32,2013.43,24.00,52.60,209.80,8.20,1.60,55.37
11/1/2017,126.16,130.02,138.32,105.55,84.26,359.76,151.35,98.10,224.47,165.13,101.10,36686.25,44263.69,18310.85,19249.02,202.85,38.40,3449.17,5028.29,122.85,101.78,90.26,100.49,113.08,99.19,10569.91,25414.62,24910.85,20883.57,78.51,17425.65,1998.48,25.00,52.00,213.50,14.10,1.60,52.06
12/1/2017,127.01,131.63,140.00,99.83,82.39,350.76,134.47,101.62,215.86,163.75,90.44,20069.81,21451.87,17503.09,20480.16,110.86,39.61,3234.07,4601.55,118.04,102.54,91.73,100.91,107.57,99.66,10130.74,25606.03,23027.31,16809.65,129.55,22504.86,1836.61,25.00,49.40,222.70,15.80,1.30,52.91
1/1/2018,126.37,131.49,142.29,91.07,88.88,109.73,135.24,102.53,201.23,164.10,84.95,18502.22,19535.70,19275.42,20476.85,196.48,37.81,2949.63,4856.18,136.43,103.07,93.36,101.77,114.57,100.55,9855.89,25249.36,24260.88,17086.26,64.96,25060.51,1903.40,25.00,48.00,230.10,7.60,2.00,53.71
2/1/2018,127.41,132.80,146.87,104.40,113.82,86.58,151.52,100.90,187.54,162.74,84.30,18221.66,18844.31,19170.26,27699.83,186.20,35.27,2778.83,4978.99,126.45,103.22,92.68,101.63,112.26,100.32,9186.74,23818.76,22384.84,16592.65,81.06,15543.28,2225.43,25.00,46.70,230.70,3.80,1.30,53.42
3/1/2018,132.22,140.64,151.03,119.80,100.53,86.34,130.19,94.77,211.01,160.79,101.70,19690.30,21556.30,16198.85,20350.69,256.21,35.68,3489.33,4702.90,123.11,103.45,93.03,101.78,111.66,100.57,10152.82,25756.79,22890.30,17849.91,95.86,20848.88,2192.10,24.50,45.20,223.00,6.80,1.30,54.02
4/1/2018,128.86,135.01,153.74,138.64,78.47,86.34,123.26,96.45,208.74,161.57,89.52,15999.75,16051.04,18304.84,20598.89,249.15,28.98,2710.73,4497.24,126.01,103.01,92.92,102.07,111.54,100.75,9574.26,24805.93,23769.35,20980.47,87.54,20482.07,2315.90,24.50,50.60,222.90,5.70,1.50,53.82
5/1/2018,131.64,138.48,154.58,138.64,61.26,86.34,130.29,96.86,199.00,160.41,90.71,14332.69,13415.61,17308.66,22153.30,326.58,34.85,3169.11,4935.68,127.66,102.82,93.10,102.05,115.79,100.69,9948.27,22923.04,20892.34,17552.04,40.40,17684.35,2217.38,22.50,56.80,218.90,8.80,1.30,55.62
6/1/2018,129.86,135.71,157.24,141.01,46.81,86.34,158.54,95.76,166.61,160.79,89.63,13594.29,12321.70,17960.68,21408.30,333.93,41.35,3474.60,4605.30,122.29,102.39,93.27,102.06,112.74,100.58,10828.66,22928.58,22662.66,20982.97,79.75,17965.20,2105.49,22.50,56.20,227.30,8.20,1.40,52.01
7/1/2018,128.84,133.44,152.13,117.51,55.84,86.34,141.29,95.27,162.49,163.91,85.38,13018.99,11606.84,17362.79,22603.89,311.54,36.02,3005.70,4411.93,123.36,102.03,93.12,102.14,113.44,100.50,10456.31,25051.46,25084.55,18794.78,121.89,19885.00,2062.68,22.50,56.50,220.20,7.20,1.50,49.68
8/1/2018,126.04,129.30,148.68,95.47,61.95,86.34,125.58,94.62,178.23,163.13,87.45,15453.52,14817.76,17536.62,22383.65,225.65,37.37,3299.59,4734.33,126.28,102.14,93.08,102.26,114.46,100.63,10034.47,24263.47,23262.71,17894.39,54.33,18386.72,2090.06,22.50,58.00,218.60,7.10,1.40,48.84
9/1/2018,126.12,129.83,149.24,123.34,83.53,86.34,118.63,94.81,189.82,163.13,91.26,16207.91,15893.66,17489.21,21921.29,182.65,27.41,3232.18,4440.50,122.38,102.38,93.61,102.49,102.61,100.83,10709.89,23720.77,23678.50,20019.72,61.02,17088.32,2097.11,22.50,59.10,218.30,4.80,4.20,47.04
10/1/2018,127.21,132.65,150.48,122.10,89.55,86.34,112.98,92.45,210.13,161.77,87.45,17261.90,17479.70,17115.08,20147.47,256.45,30.25,3182.49,4976.80,135.99,102.32,93.61,102.58,111.90,101.01,10575.90,24876.64,24626.28,19273.58,102.08,24351.32,2067.47,22.00,57.80,223.20,6.10,1.80,46.74
11/1/2018,123.88,127.45,148.76,124.02,75.81,86.34,102.76,93.15,214.17,162.94,103.11,35268.41,42353.60,17367.17,20009.97,139.31,29.02,3184.43,5241.71,130.92,102.62,92.75,102.38,109.69,100.73,10495.20,25055.61,25615.96,18121.33,99.07,16324.40,2087.14,22.00,58.20,230.50,8.00,1.40,44.45
12/1/2018,124.97,128.55,149.38,119.17,76.50,172.68,100.95,93.21,200.51,161.38,92.24,20660.55,22318.86,17565.63,21051.30,151.10,29.53,2846.83,4311.38,122.69,102.92,92.24,101.88,107.35,100.39,10316.58,25615.47,23677.22,17703.28,84.66,24032.66,1989.24,22.00,59.90,232.80,8.60,1.10,46.53
1/1/2019,125.83,127.50,143.12,119.66,84.40,185.27,102.18,97.34,221.46,164.81,86.49,18598.93,19172.59,18768.84,21753.88,148.39,27.51,2741.86,4722.62,131.22,103.19,92.53,102.18,108.98,100.60,9861.98,24739.59,24395.80,16313.29,133.55,22781.77,2170.07,21.00,62.90,209.40,6.80,1.10,50.21
2/1/2019,128.22,129.13,143.78,128.56,98.71,167.29,105.04,102.85,230.83,163.64,85.82,18531.86,18921.20,20041.39,21606.09,195.05,27.12,2546.24,3856.05,120.17,103.20,92.98,102.20,118.58,100.69,9334.07,24647.29,23931.30,14554.74,137.39,17710.26,2404.26,21.00,66.30,210.20,5.50,0.70,50.54
3/1/2019,129.27,131.54,144.38,135.74,119.79,64.01,93.95,102.31,255.17,161.48,103.54,18953.04,19605.14,17848.50,20829.61,200.62,28.24,2887.08,4666.94,119.88,103.03,93.37,102.57,104.28,101.05,10301.06,27265.45,26517.68,19535.77,82.67,19538.54,2364.15,21.00,66.30,214.20,9.50,1.00,55.55
4/1/2019,128.01,129.37,146.03,132.16,146.77,58.66,85.04,102.51,258.81,162.27,91.14,15716.77,15066.72,19975.77,21010.47,225.21,27.17,2484.77,4570.36,135.71,102.63,93.49,102.58,109.82,101.04,10382.82,24900.72,25057.93,16979.24,99.66,22771.61,2420.19,,68.50,213.80,,,55.83
